interleaved.jl	1	6.17
interleaved.jl	2	6.93
interleaved.jl	3	7.0
interleaved.jl	4	7.36
interleaved.jl	5	7.28
interleaved.jl	6	7.32
interleaved.jl	7	8.94
interleaved.jl	8	8.82
interleaved.jl	9	7.07
interleaved.jl	10	7.07
interleaved.jl	11	8.15
interleaved.jl	12	7.39
interleaved.jl	13	7.33
interleaved.jl	14	7.18
interleaved.jl	15	8.04
interleaved.jl	16	8.66
interleaved.jl	17	7.13
interleaved.jl	18	7.47
interleaved.jl	19	7.25
interleaved.jl	20	7.18
interleaved.jl	21	7.5
interleaved.jl	22	7.52
interleaved.jl	23	8.48
interleaved.jl	24	7.17
interleaved.jl	25	7.4
interleaved.jl	26	7.32
interleaved.jl	27	7.51
interleaved.jl	28	8.06
interleaved.jl	29	9.13
interleaved.jl	30	7.47
interleaved.jl	31	9.06
interleaved.jl	32	8.62
interleaved.jl	33	7.05
interleaved.jl	34	7.21
interleaved.jl	35	10.0
interleaved.jl	36	6.82
interleaved.jl	37	7.0
interleaved.jl	38	7.02
interleaved.jl	39	7.49
interleaved.jl	40	6.79
interleaved.jl	41	7.01
interleaved.jl	42	7.11
interleaved.jl	43	6.9
interleaved.jl	44	7.0
interleaved.jl	45	6.99
interleaved.jl	46	8.45
interleaved.jl	47	7.34
interleaved.jl	48	8.02
interleaved.jl	49	8.4
interleaved.jl	50	8.55
interleaved.jl	51	8.34
interleaved.jl	52	7.08
interleaved.jl	53	6.86
interleaved.jl	54	7.12
interleaved.jl	55	7.39
interleaved.jl	56	6.94
interleaved.jl	57	7.18
interleaved.jl	58	7.65
interleaved.jl	59	6.9
interleaved.jl	60	6.96
interleaved.jl	61	7.76
interleaved.jl	62	6.75
